6806254060,1328250907,43
1328250907,6806254060,43
1328250907,1328250886,43
1328250886,1328250907,43
1328250886,2252429847,43
2252429847,1328250886,43
2252429847,10241728407,43
10241728407,2252429847,43
10241728407,2252429858,43
2252429858,10241728407,43
2252429858,9972058082,43
9972058082,2252429858,43
9972058082,3736939235,43
3736939235,9972058082,43
3736939235,2466421424,43
2466421424,3736939235,43
2466421424,2466421425,43
2466421425,2466421424,43
2466421425,10241728398,43
10241728398,2466421425,43
10241728398,763549794,43
763549794,10241728398,43
763549794,763549795,43
763549795,763549794,43
763549795,10241728392,43
10241728392,763549795,43
10241728392,763549796,43
763549796,10241728392,43
763549796,10224831849,43
10224831849,763549796,43
10224831849,1328250904,43
1328250904,10224831849,43
1328250904,8006501049,43
8006501049,1328250904,43
8006501049,1328250897,43
1328250897,8006501049,43
1328250897,12701801334,43
12701801334,1328250897,43
12701801334,1328250891,43
1328250891,12701801334,43
1328250891,1328250910,43
1328250910,1328250891,43
1328250910,1328250886,43
1328250886,1328250910,43
1328250886,1328250907,43
1328250907,1328250886,43
1328250907,6806254060,43
6806254060,1328250907,43
1328250907,6806254060,43
6806254060,1328250907,43
1328250907,6806254060,43
6806254060,1328250907,43
1328250907,6806254060,43
6806254060,1328250907,43
6806254060,5573156977,43
5573156977,6806254060,43
5573156977,1328250920,43
1328250920,5573156977,43
1328250920,2179458313,43
2179458313,1328250920,43
2179458313,245647284,43
245647284,2179458313,43
245647284,6806254057,43
6806254057,245647284,43
245647284,6806254057,43
6806254057,245647284,43
245647284,6806254057,43
6806254057,245647284,43
245647284,6806254057,43
6806254057,245647284,43
2086912252,2086912253,43
2086912253,2086912252,43
2086912252,2086912253,43
2086912253,2086912252,43
2086912253,10224831817,43
10224831817,2086912253,43
10224831817,10224831819,43
10224831819,10224831817,43
10224831817,10224831819,43
10224831819,10224831817,43
10224831819,10224831821,43
10224831821,10224831819,43
10224831819,10224831821,43
10224831821,10224831819,43
10224831821,2251843467,43
2251843467,10224831821,43
10224831821,2251843467,43
2251843467,10224831821,43
2251843467,2086912258,43
2086912258,2251843467,43
2251843467,2086912258,43
2086912258,2251843467,43
2251843467,2086912258,43
2086912258,2251843467,43
2086912258,11461817370,43
11461817370,2086912258,43
2086912258,11461817370,43
11461817370,2086912258,43
11461817370,7822566368,43
7822566368,11461817370,43
11461817370,7822566368,43
7822566368,11461817370,43
7822566368,7822566314,43
7822566314,7822566368,43
5423915637,772560076,43
772560076,5423915637,43
5423915637,772560076,43
772560076,5423915637,43
5423915637,772560076,43
772560076,5423915637,43
5423915637,772560076,43
772560076,5423915637,43
5423915637,772560076,43
772560076,5423915637,43
772560076,5423916628,43
5423916628,772560076,43
5423916628,5423916627,43
5423916627,5423916628,43
5423916627,5423916626,43
5423916626,5423916627,43
5423916626,10600833387,43
10600833387,5423916626,43
10600833387,5423916625,43
5423916625,10600833387,43
5423916625,5423916624,43
5423916624,5423916625,43
5423916624,5423916623,43
5423916623,5423916624,43
5423916623,5423916622,43
5423916622,5423916623,43
5423916622,5423916621,43
5423916621,5423916622,43
5423916621,5423915520,43
5423915520,5423916621,43
5423915520,3604472736,43
3604472736,5423915520,43
3604472736,3604472735,43
3604472735,3604472736,43
3604472735,3604472734,43
3604472734,3604472735,43
10224821553,12029710367,34
12029710367,10224821553,34
10224821553,12029710367,34
12029710367,10224821553,34
12029710367,11189660893,34
11189660893,12029710367,34
11189660893,7822586030,34
7822586030,11189660893,34
7822586030,7822566322,34
7822566322,7822586030,34
7822566322,12526016780,34
12526016780,7822566322,34
12526016780,10215244938,34
10215244938,12526016780,34
10215244938,14016878821,34
14016878821,10215244938,34
14016878821,7822566365,34
7822566365,14016878821,34
7822566365,10224821556,34
10224821556,7822566365,34
10224821556,10215244941,34
10215244941,10224821556,34
10215244941,10224821558,34
10224821558,10215244941,34
10224821558,7822566356,34
7822566356,10224821558,34
7822566356,4806694429,34
4806694429,7822566356,34
4806694429,11292674758,34
11292674758,4806694429,34
11292674758,1838721963,34
1838721963,11292674758,34
1838721963,2171089122,34
2171089122,1838721963,34
2171089122,1838721965,34
1838721965,2171089122,34
1838721965,8049839412,34
8049839412,1838721965,34
8049839412,2171089114,34
2171089114,8049839412,34
2171089114,1838721956,34
1838721956,2171089114,34
1838721956,2061304039,34
2061304039,1838721956,34
2061304039,10224954934,34
10224954934,2061304039,34
10224954934,11461794361,34
11461794361,10224954934,34
11461794361,2061304035,34
2061304035,11461794361,34
2061304035,3495323651,34
3495323651,2061304035,34
3495323651,3495323648,34
3495323648,3495323651,34
3495323648,11461794365,34
11461794365,3495323648,34
11461794365,3495323647,34
3495323647,11461794365,34
3495323647,3495323649,34
3495323649,3495323647,34
3495323649,2466358096,34
2466358096,3495323649,34
2466358096,3238255153,34
3238255153,2466358096,34
3238255153,245647232,34
245647232,3238255153,34
245647232,2252429645,34
2252429645,245647232,34
2252429645,3238255154,34
3238255154,2252429645,34
3238255154,245647242,34
245647242,3238255154,34
245647242,245647252,34
245647252,245647242,34
245647252,2252429689,34
2252429689,245647252,34
2252429689,8008276091,34
8008276091,2252429689,34
8008276091,3238255156,34
3238255156,8008276091,34
3238255156,3238255157,34
3238255157,3238255156,34
3238255157,245647268,34
245647268,3238255157,34
245647268,8039241830,34
8039241830,245647268,34
8039241830,10976162088,34
10976162088,8039241830,34
10976162088,9230616082,34
9230616082,10976162088,34
9230616082,9230616080,34
9230616080,9230616082,34
9230616080,10173017725,34
10173017725,9230616080,34
10173017725,10173017724,34
10173017724,10173017725,34
10173017724,2179458306,34
2179458306,10173017724,34
2179458306,10224831854,34
10224831854,2179458306,34
10224831854,2252429797,34
2252429797,10224831854,34
2252429797,2179458309,34
2179458309,2252429797,34
2179458309,10224819114,34
10224819114,2179458309,34
10224819114,2179458311,34
2179458311,10224819114,34
2179458311,12029710368,34
12029710368,2179458311,34
12029710368,2252429800,34
2252429800,12029710368,34
2252429800,2086912252,34
2086912252,2252429800,34
2086912252,2086912253,34
2086912253,2086912252,34
2086912253,10224831817,34
10224831817,2086912253,34
10224831817,10224831819,34
10224831819,10224831817,34
10224831819,10224831821,34
10224831821,10224831819,34
10224831821,2251843467,34
2251843467,10224831821,34
2251843467,2086912258,34
2086912258,2251843467,34
2086912258,11461817370,34
11461817370,2086912258,34
11461817370,7822566368,34
7822566368,11461817370,34
7822566368,7822566314,34
7822566314,7822566368,34
7822566314,7822566367,34
7822566367,7822566314,34
7822566367,11461817371,34
11461817371,7822566367,34
11461817371,10224831852,34
10224831852,11461817371,34
10224831852,2086912261,34
2086912261,10224831852,34
2086912261,10224821570,34
10224821570,2086912261,34
10224821570,10976251670,34
10976251670,10224821570,34
10976251670,10224821565,34
10224821565,10976251670,34
10224821565,10224821568,34
10224821568,10224821565,34
10224821568,2086912257,34
2086912257,10224821568,34
2086912257,7822566323,34
7822566323,2086912257,34
7822566323,1328250920,34
1328250920,7822566323,34
1328250920,5573156977,34
5573156977,1328250920,34
5573156977,6806254060,34
6806254060,5573156977,34
6806254060,1328250907,34
1328250907,6806254060,34
1328250907,1328250886,34
1328250886,1328250907,34
1328250886,1328250910,34
1328250910,1328250886,34
1328250910,1328250891,34
1328250891,1328250910,34
1328250891,12701801334,34
12701801334,1328250891,34
12701801334,1328250897,34
1328250897,12701801334,34
1328250897,8006501049,34
8006501049,1328250897,34
8006501049,1328250904,34
1328250904,8006501049,34
1328250904,10793687690,34
10793687690,1328250904,34
10793687690,13964216136,34
13964216136,10793687690,34
13964216136,10793700715,34
10793700715,13964216136,34
10793700715,10793687691,34
10793687691,10793700715,34
10793687691,13964216139,34
13964216139,10793687691,34
13964216139,10793700716,34
10793700716,13964216139,34
10224821561,4806694428,36
4806694428,10224821561,36
